{
  "blocks": [
    {
      "backgroundColor": "#1b264f",
      "iconColor": "",
      "thumbnail": "~/App_Plugins/uSkinned/backoffice/images/accordiontab.png",
      "contentElementTypeKey": "9aff4265-df9a-474a-91c4-0e6affc43585",
      "settingsElementTypeKey": "c47b8114-f1d6-4c85-afa7-6ba961975c74",
      "view": null,
      "stylesheet": null,
      "label": "{{ !$settings.itemName || $settings.itemName == ''  ?  'Accordion/Tabs' : $settings.itemName}} {{$settings.hideFromWebsite ? '[HIDDEN]' : ''}}",
      "editorSize": "medium",
      "forceHideContentEditorInOverlay": false
    },
    {
      "backgroundColor": "#1b264f",
      "iconColor": "",
      "thumbnail": "~/App_Plugins/uSkinned/backoffice/images/alertbox.png",
      "contentElementTypeKey": "c5d2fc53-3811-458c-9a7a-0b9213e45110",
      "settingsElementTypeKey": "88761646-8930-430d-af5c-d5c9f000120c",
      "view": null,
      "stylesheet": null,
      "label": "{{ !$settings.itemName || $settings.itemName == ''  ?  'Alert Box' : $settings.itemName}} {{$settings.hideFromWebsite ? '[HIDDEN]' : ''}}",
      "editorSize": "medium",
      "forceHideContentEditorInOverlay": false
    },
    {
      "backgroundColor": "#1b264f",
      "iconColor": "",
      "thumbnail": "~/App_Plugins/uSkinned/backoffice/images/anchornavigation.png",
      "contentElementTypeKey": "9cfd8c2c-b89e-4bf9-8244-f2d8da401262",
      "settingsElementTypeKey": "22a99f44-e579-4789-a175-badc90378017",
      "view": null,
      "stylesheet": null,
      "label": "{{ !$settings.itemName || $settings.itemName == ''  ?  'Anchor Navigation' : $settings.itemName}} {{$settings.hideFromWebsite ? '[HIDDEN]' : ''}}",
      "editorSize": "medium",
      "forceHideContentEditorInOverlay": false
    },
    {
      "backgroundColor": "#1b264f",
      "iconColor": "",
      "thumbnail": "~/App_Plugins/uSkinned/backoffice/images/banner.png",
      "contentElementTypeKey": "df7b194c-2e78-43b0-82ad-ae709f825d26",
      "settingsElementTypeKey": "7c18879f-d2c5-4d87-b9f5-02544784e0e2",
      "view": null,
      "stylesheet": null,
      "label": "{{ !$settings.itemName || $settings.itemName == ''  ?  'Banners' : $settings.itemName}} {{$settings.hideFromWebsite ? '[HIDDEN]' : ''}}",
      "editorSize": "medium",
      "forceHideContentEditorInOverlay": false
    },
    {
      "backgroundColor": "#1b264f",
      "iconColor": "",
      "thumbnail": "~/App_Plugins/uSkinned/backoffice/images/ctastrip.png",
      "contentElementTypeKey": "774318b9-8e4b-47db-839b-56205a6e84e0",
      "settingsElementTypeKey": "d247b7e6-3122-4fd3-8994-96aadc5f726c",
      "view": null,
      "stylesheet": null,
      "label": "{{ !$settings.itemName || $settings.itemName == ''  ?  'Call to Action' : $settings.itemName}} {{$settings.hideFromWebsite ? '[HIDDEN]' : ''}}",
      "editorSize": "medium",
      "forceHideContentEditorInOverlay": false
    },
    {
      "backgroundColor": "#1b264f",
      "iconColor": "",
      "thumbnail": "~/App_Plugins/uSkinned/backoffice/images/datalist.png",
      "contentElementTypeKey": "8848e7ee-3ea5-4009-b200-bd40e86f8144",
      "settingsElementTypeKey": "92ae5489-c66e-487d-a9db-4e6c576d9a86",
      "view": null,
      "stylesheet": null,
      "label": "{{ !$settings.itemName || $settings.itemName == ''  ?  'Data List' : $settings.itemName}} {{$settings.hideFromWebsite ? '[HIDDEN]' : ''}}",
      "editorSize": "medium",
      "forceHideContentEditorInOverlay": false
    },
    {
      "backgroundColor": "#1b264f",
      "iconColor": null,
      "thumbnail": "~/App_Plugins/uSkinned/backoffice/images/ecwidshop.png",
      "contentElementTypeKey": "5a438410-74b1-4317-a471-61de6073921a",
      "settingsElementTypeKey": "732074a8-c2ab-4c8b-b93f-86b9cca084a6",
      "view": null,
      "stylesheet": null,
      "label": "{{ !$settings.itemName || $settings.itemName == ''  ?  'Ecwid Shop' : $settings.itemName}} {{$settings.hideFromWebsite ? '[HIDDEN]' : ''}}",
      "editorSize": "medium",
      "forceHideContentEditorInOverlay": false
    },
    {
      "backgroundColor": "#1b264f",
      "iconColor": "",
      "thumbnail": "~/App_Plugins/uSkinned/backoffice/images/code.png",
      "contentElementTypeKey": "22cbdd86-0e77-4b68-a4a1-29d651547067",
      "settingsElementTypeKey": "af0dace2-3037-44b8-adf4-4366f3e4c6e6",
      "view": null,
      "stylesheet": null,
      "label": "{{ !$settings.itemName || $settings.itemName == ''  ?  'Embed Code' : $settings.itemName}} {{$settings.hideFromWebsite ? '[HIDDEN]' : ''}}",
      "editorSize": "medium",
      "forceHideContentEditorInOverlay": false
    },
    {
      "backgroundColor": "#1b264f",
      "iconColor": null,
      "thumbnail": "~/App_Plugins/uSkinned/backoffice/images/form.png",
      "contentElementTypeKey": "c088fd02-f76a-4fc7-8cb3-7967deea8f98",
      "settingsElementTypeKey": "d84c410f-7d72-4a27-b708-e3914100195c",
      "view": null,
      "stylesheet": null,
      "label": "{{ !$settings.itemName || $settings.itemName == ''  ?  'Form' : $settings.itemName}} {{$settings.hideFromWebsite ? '[HIDDEN]' : ''}}",
      "editorSize": "medium",
      "forceHideContentEditorInOverlay": false
    },
    {
      "backgroundColor": "#1b264f",
      "iconColor": null,
      "thumbnail": "~/App_Plugins/uSkinned/backoffice/images/gallery.png",
      "contentElementTypeKey": "18956f7b-bde5-48be-9752-9adaa9693902",
      "settingsElementTypeKey": "3344380c-6fea-4a8d-92eb-c7fd92ef573f",
      "view": null,
      "stylesheet": null,
      "label": "{{ !$settings.itemName || $settings.itemName == ''  ?  'Gallery' : $settings.itemName}} {{$settings.hideFromWebsite ? '[HIDDEN]' : ''}}",
      "editorSize": "medium",
      "forceHideContentEditorInOverlay": false
    },
    {
      "backgroundColor": "#1b264f",
      "iconColor": null,
      "thumbnail": "~/App_Plugins/uSkinned/backoffice/images/gridlayout.png",
      "contentElementTypeKey": "13f6bdcf-f611-4fb3-8a23-95b0cf6c85ab",
      "settingsElementTypeKey": "9baf3e78-19c3-48f0-8b90-d2fac9ea8573",
      "view": null,
      "stylesheet": null,
      "label": "{{ !$settings.itemName || $settings.itemName == ''  ?  'Grid Layout' : $settings.itemName}} {{$settings.hideFromWebsite ? '[HIDDEN]' : ''}}",
      "editorSize": "medium",
      "forceHideContentEditorInOverlay": false
    },
    {
      "backgroundColor": "#1b264f",
      "iconColor": null,
      "thumbnail": "~/App_Plugins/uSkinned/backoffice/images/links.png",
      "contentElementTypeKey": "9cbfe96e-9bfb-401a-8995-1e73c2e63faa",
      "settingsElementTypeKey": "deccb881-4a80-4e25-985c-88b99048b17c",
      "view": null,
      "stylesheet": null,
      "label": "{{ !$settings.itemName || $settings.itemName == ''  ?  'Links' : $settings.itemName}} {{$settings.hideFromWebsite ? '[HIDDEN]' : ''}}",
      "editorSize": "medium",
      "forceHideContentEditorInOverlay": false
    },
    {
      "backgroundColor": "#1b264f",
      "iconColor": null,
      "thumbnail": "~/App_Plugins/uSkinned/backoffice/images/markdowneditor.png",
      "contentElementTypeKey": "63f1681f-d64e-45f6-a795-64f172b4bcfd",
      "settingsElementTypeKey": "a27e1d1e-56fb-4a7d-bc5e-908192149cab",
      "view": null,
      "stylesheet": null,
      "label": "{{ !$settings.itemName || $settings.itemName == ''  ?  'Markdown Editor' : $settings.itemName}} {{$settings.hideFromWebsite ? '[HIDDEN]' : ''}}",
      "editorSize": "medium",
      "forceHideContentEditorInOverlay": false
    },
    {
      "backgroundColor": "#1b264f",
      "iconColor": null,
      "thumbnail": "~/App_Plugins/uSkinned/backoffice/images/pods.png",
      "contentElementTypeKey": "d0d38c45-5d97-4f17-b962-9e67c69146fd",
      "settingsElementTypeKey": "dbcf631e-f5d1-4200-a52f-eff07047e628",
      "view": null,
      "stylesheet": null,
      "label": "{{ !$settings.itemName || $settings.itemName == ''  ?  'Pods' : $settings.itemName}} {{$settings.hideFromWebsite ? '[HIDDEN]' : ''}}",
      "editorSize": "medium",
      "forceHideContentEditorInOverlay": false
    },
    {
      "backgroundColor": "#1b264f",
      "iconColor": null,
      "thumbnail": "~/App_Plugins/uSkinned/backoffice/images/reusablecomponents.png",
      "contentElementTypeKey": "540d5df4-24af-479b-ba4d-056abfec4198",
      "settingsElementTypeKey": "ecf41871-ac04-4b2a-aa6e-6cb613b037a5",
      "view": null,
      "stylesheet": null,
      "label": "{{ !$settings.itemName || $settings.itemName == ''  ?  'Reusable Components' : $settings.itemName}} {{$settings.hideFromWebsite ? '[HIDDEN]' : ''}}",
      "editorSize": "medium",
      "forceHideContentEditorInOverlay": false
    },
    {
      "backgroundColor": "#1b264f",
      "iconColor": null,
      "thumbnail": "~/App_Plugins/uSkinned/backoffice/images/sitemap.png",
      "contentElementTypeKey": "45099334-5bee-41f2-81f8-a6efb7e1db15",
      "settingsElementTypeKey": "b93a5e1e-38ce-4f1c-849b-3c82226692a7",
      "view": null,
      "stylesheet": null,
      "label": "{{ !$settings.itemName || $settings.itemName == ''  ?  'Sitemap' : $settings.itemName}} {{$settings.hideFromWebsite ? '[HIDDEN]' : ''}}",
      "editorSize": "medium",
      "forceHideContentEditorInOverlay": false
    },
    {
      "backgroundColor": "#1b264f",
      "iconColor": null,
      "thumbnail": "~/App_Plugins/uSkinned/backoffice/images/splitcomponent.png",
      "contentElementTypeKey": "f34f029d-619f-4651-bc63-9ad91648af4b",
      "settingsElementTypeKey": "617a396d-a1db-4c76-9d17-2499aedbc0db",
      "view": null,
      "stylesheet": null,
      "label": "{{ !$settings.itemName || $settings.itemName == ''  ?  'Split Component' : $settings.itemName}} {{$settings.hideFromWebsite ? '[HIDDEN]' : ''}}",
      "editorSize": "medium",
      "forceHideContentEditorInOverlay": false
    },
    {
      "backgroundColor": "#1b264f",
      "iconColor": null,
      "thumbnail": "~/App_Plugins/uSkinned/backoffice/images/subpagelisting.png",
      "contentElementTypeKey": "080c227a-59a2-40fd-ad68-aaf356ac3a8a",
      "settingsElementTypeKey": "339192e8-0638-4e12-b6ea-81792e36ce7d",
      "view": null,
      "stylesheet": null,
      "label": "{{ !$settings.itemName || $settings.itemName == ''  ?  'Subpage Listing' : $settings.itemName}} {{$settings.hideFromWebsite ? '[HIDDEN]' : ''}}",
      "editorSize": "medium",
      "forceHideContentEditorInOverlay": false
    },
    {
      "backgroundColor": "#1b264f",
      "iconColor": null,
      "thumbnail": "~/App_Plugins/uSkinned/backoffice/images/text.png",
      "contentElementTypeKey": "1e1ac9a3-e614-436b-8363-93dd57d5e954",
      "settingsElementTypeKey": "41b8fd88-026c-4449-806b-6e1ace478700",
      "view": null,
      "stylesheet": null,
      "label": "{{ !$settings.itemName || $settings.itemName == ''  ?  'Text' : $settings.itemName}} {{$settings.hideFromWebsite ? '[HIDDEN]' : ''}}",
      "editorSize": "medium",
      "forceHideContentEditorInOverlay": false
    },
    {
      "backgroundColor": "#1b264f",
      "iconColor": null,
      "thumbnail": "~/App_Plugins/uSkinned/backoffice/images/windows.png",
      "contentElementTypeKey": "2281980d-97f4-4999-acb6-c1ba50aef3a6",
      "settingsElementTypeKey": "a81ec2b7-4e6e-4027-a7f5-463022c36a85",
      "view": null,
      "stylesheet": null,
      "label": "{{ !$settings.itemName || $settings.itemName == ''  ?  'Windows' : $settings.itemName}} {{$settings.hideFromWebsite ? '[HIDDEN]' : ''}}",
      "editorSize": "medium",
      "forceHideContentEditorInOverlay": false
    },
    {
      "backgroundColor": null,
      "iconColor": null,
      "thumbnail": null,
      "contentElementTypeKey": "130c682e-4072-4c5e-8ee8-25e72d4c50ef",
      "settingsElementTypeKey": "989a69cc-cf89-41df-bd25-cbea68b9b602",
      "view": null,
      "stylesheet": null,
      "label": "Provider Products Page",
      "editorSize": "medium",
      "forceHideContentEditorInOverlay": false
    },
    {
      "backgroundColor": null,
      "iconColor": null,
      "thumbnail": null,
      "contentElementTypeKey": "80f64818-a4c4-4b39-90e1-ed7aef7c32be",
      "settingsElementTypeKey": "db6c37cb-6080-4fca-9df2-25c18e6177fa",
      "view": null,
      "stylesheet": null,
      "label": "Shop Page",
      "editorSize": "medium",
      "forceHideContentEditorInOverlay": false
    },
    {
      "backgroundColor": null,
      "iconColor": null,
      "thumbnail": null,
      "contentElementTypeKey": "269bda01-e65b-405b-a902-7d8ae4801d17",
      "settingsElementTypeKey": "d1ca87cb-6efa-482c-a8b5-870c65aeaf55",
      "view": null,
      "stylesheet": null,
      "label": "Cart Page",
      "editorSize": "medium",
      "forceHideContentEditorInOverlay": false
    },
    {
      "backgroundColor": null,
      "iconColor": null,
      "thumbnail": null,
      "contentElementTypeKey": "6b57d159-bbb1-4b80-b3c4-6c5af043f261",
      "settingsElementTypeKey": "bb2adf7a-e6ae-4134-b29a-44d2780cda4e",
      "view": null,
      "stylesheet": null,
      "label": "Provider Orders List",
      "editorSize": "medium",
      "forceHideContentEditorInOverlay": false
    },
    {
      "backgroundColor": null,
      "iconColor": null,
      "thumbnail": null,
      "contentElementTypeKey": "bc1d702b-41c2-45ab-a9e4-6250598b3b20",
      "settingsElementTypeKey": "e2a59a61-8926-4ec6-8e99-2a9d6aaa3da1",
      "view": null,
      "stylesheet": null,
      "label": "Provider Wallet Page",
      "editorSize": "medium",
      "forceHideContentEditorInOverlay": false
    }
  ],
  "validationLimit": {},
  "useLiveEditing": false,
  "useInlineEditingAsDefault": false,
  "maxPropertyWidth": null
}